{"override":true,
"xp_values":{
	"BREED":{},
	"RECEIVE_DAMAGE":{},
	"FROM_MOBS":{},
	"FROM_PLAYERS":{},
	"FROM_ANIMALS":{},
	"FROM_PROJECTILES":{},
	"DEAL_MELEE_DAMAGE":{},
	"MELEE_TO_MOBS":{},
	"MELEE_TO_PLAYERS":{},
	"MELEE_TO_ANIMALS":{},
	"DEAL_RANGED_DAMAGE":{},
	"RANGED_TO_MOBS":{},
	"RANGED_TO_PLAYERS":{},
	"RANGED_TO_ANIMALS":{},
	"DEATH":{},
	"ENTITY":{},
	"RIDING":{},
	"SHIELD_BLOCK":{},
	"SLEEP":{},
	"TAMING":{}
},
"nbt_xp_values":{
	"BREED":[],
	"RECEIVE_DAMAGE":[],
	"FROM_MOBS":[],
	"FROM_PLAYERS":[],
	"FROM_ANIMALS":[],
	"FROM_PROJECTILES":[],
	"DEAL_MELEE_DAMAGE":[],
	"MELEE_TO_MOBS":[],
	"MELEE_TO_PLAYERS":[],
	"MELEE_TO_ANIMALS":[],
	"DEAL_RANGED_DAMAGE":[],
	"RANGED_TO_MOBS":[],
	"RANGED_TO_PLAYERS":[],
	"RANGED_TO_ANIMALS":[],
	"DEATH":[],
	"ENTITY":[],
	"RIDING":[],
	"SHIELD_BLOCK":[],
	"SLEEP":[],
	"TAMING":[]
},
"requirements":{
	"KILL":{},
	"RIDE":{},
	"TAME":{},
	"BREED":{},
	"ENTITY_INTERACT":{}
},
"nbt_requirements":{
	"KILL":[],
	"RIDE":[],
	"TAME":[],
	"BREED":[],
	"ENTITY_INTERACT":[]
}
}
