{
    "xp_values":{
        "ANVIL_REPAIR" :{
            "smithing": 500
        },
        "CRAFT": {
            "crafting": 600,
            "magic": 600
        },
        "ENCHANT": {
            "magic": 80
        }
    },
    "requirements":{
        "WEAR": {
            "magic": 80
        }
    },
    "bonuses":{
        "WORN": {
            "magic": 3.0
        }
    },
    "negative_effect":{
        "minecraft:slowness":2,
        "minecraft:weakness":2
    }
}