{"override":true,
    "xp_values":{
        "ANVIL_REPAIR" :{
            "smithing": 6000
        },
        "CRAFT": {
            "crafting": 6000,
            "smithing": 1000
        },
        "ENCHANT": {
            "magic": 250
        }
    },
    "requirements":{
        "WEAR": {
            "combat": 80
        },
        "TOOL": {
            "combat": 80
        },
        "WEAPON": {
            "combat": 80
        }
    },
    "negative_effect":{
        "minecraft:weakness":3
    }
}